标题,关键词1,关键词-自定义,帖子账号粉丝数,发布者,弹幕数,点赞数,硬币数,收藏数,转发数,评论数,标签,简介,urls,群体情绪,极端情绪分类,封面图片
2023最重要选举丨埃尔多安执政20年最大挑战，有什么热闹可以看？,土耳其 大选,埃尔多安,3095051.0,小王Albert,8210.0,79035.0,24914.0,8025.0,1279.0,1911.0,故事档案馆 土耳其 正义与发展党 土耳其大选 基利达罗格鲁 王骁 选举 中东 欧亚大陆 埃尔多安 ,一键三连推荐给更多朋友！,https://www.bilibili.com/video/BV1xs4y1Q7QJ/,0.241632039898081,0,http://i1.hdslb.com/bfs/archive/b5b3c3754f7775201bfc5168083fe4e70558df53.jpg
双碳战略下的混动局面全速打开，老牌劲旅如何玩儿到极致？,双碳 战略,广汽本田 新能源,3095051.0,小王Albert,4523.0,27577.0,4010.0,2226.0,651.0,3159.0,汽车 车展 混动 广汽本田 雅阁 新能源 无所谓，混动技术会出手 ,一键三连推荐给更多朋友！,https://www.bilibili.com/video/BV1Xk4y1J7kQ/,-0.0037274687612884,0,http://i0.hdslb.com/bfs/archive/972ed31031be80ba22a1eeb32fcfb4da43efdcef.jpg
【东盟十国02丨印尼】权斗几度引发屠杀，经济奇迹转瞬既逝，“大国梦”还有多远？,回顾 东盟,印度尼西亚,3095089.0,小王Albert,28107.0,142170.0,51259.0,16191.0,4280.0,3908.0,历史 地理 印度尼西亚 亚洲四小虎 亚洲金融危机 历史人文档案馆 历史人文档案馆2022第二季 ,一键三连，推荐给更多的朋友！  东盟十国系列回顾： 【东盟十国 01】菲律宾传送门：BV1og411d7rg 【东盟十国 02】印尼传送门：BV1QF411K7Lt 【东盟十国 03】泰国传送门：BV12g41167Gi 【东盟十国 04】马来西亚传送门：BV1xt4y1E7VC 【东盟十国 05】文莱传送门：BV1de4y1q799 【东盟十国 06】东帝汶传送门：BV1VG4y1Z7MW 【东盟十国 07】老挝传送门：BV1a3411o7vU 【东盟十国 08】柬埔寨传送门：BV1rs4y1Z7XH 【东盟十国 09】缅甸传送门：BV1Wb411f7fV 【东盟十国 10】越南传送门：BV12h411g7q9 【东盟十国 11】新加坡传送门：BV1bP41127FG 【东盟十国 12】东南亚华人传送门：BV1TM4y1q7M4 【东盟十国 13】老挝篮球队传送门：BV18W4y1X7fs,https://www.bilibili.com/video/BV1QF411K7Lt/,0.2877722740333858,0,http://i1.hdslb.com/bfs/archive/cf2c2520a71ab0ae57dc52b53fc7ad24e78893d5.jpg
为什么意大利政府又又又崩溃了？,意大利政府 崩溃,意大利 欧元,3095071.0,小王Albert,29961.0,161978.0,46902.0,18746.0,6775.0,4444.0,故事档案馆 欧盟 罗马 意大利 欧洲 历史 欧元 米兰 王骁 ,一键三连推荐给更多朋友！,https://www.bilibili.com/video/BV1b841147pc/,0.2693223045185959,0,http://i1.hdslb.com/bfs/archive/4027d5ff1fb5013d7f9e32462c430b97f830258a.jpg
东南亚衰落怪文科生？大胆一点！怪大学生！,东南亚,东南亚衰落,3095328.0,小王Albert,7608.0,48827.0,20656.0,6453.0,1691.0,4694.0,知识分享官 财经 历史 教育 大学 王骁 经济 东南亚 商业 ,新号看到的人比较少，欢迎关注+一键三连！ 每周六，小王陪你看世界~,https://www.bilibili.com/video/BV1NA411V7me/,0.4267095785771602,1,http://i0.hdslb.com/bfs/archive/ff3dde31136b41032dbd19fd9dec49550bdfe42b.jpg
抗战为什么8年改14年？无名英雄在怎样的绝望中，死命攒出新中国的星星之火？,王骁 抗日战争,八年抗战,3095327.0,小王Albert,9809.0,73240.0,62207.0,18428.0,4503.0,1569.0,五月哔刷片·五月新片 电影 历史 东北 中国 抗日 王骁 抗日战争 悬崖之上 影娱哔哔官 ,希望大家可以帮我点亮大拇指小金币小星星，让更多的人看到这段历史。,https://www.bilibili.com/video/BV1h54y157FM/,0.374458408926247,1,http://i1.hdslb.com/bfs/archive/f3bddeaad3caee8149d64e1bb5428c26934ce94e.jpg
农神走好！袁隆平的伟大何止杂交稻,院士 水稻,袁隆平,3095321.0,小王Albert,5974.0,67234.0,38609.0,10022.0,2233.0,2069.0,科学 知识分享官 苏联 社会 历史 王骁 袁隆平 院士 水稻 农业 ,希望大家可以帮我点亮大拇指小金币小星星，让更多朋友看到这个故事。,https://www.bilibili.com/video/BV1Qh411v7FN/,0.4041670297673346,1,http://i0.hdslb.com/bfs/archive/775c65b0722b683ea98d925da36d595be8318fe8.jpg
80年未被超越，敢都不敢想的师资团队，中国最强大学有多牛？,大学 邓稼先,西南联大,3095316.0,小王Albert,7518.0,38416.0,25595.0,7924.0,2087.0,1284.0,人文 毕业季·再见少年 历史 高考 教育 社会 大学 邓稼先 九零后 西南联大 ,在任何时候，都要记得仰望星空，看向远方。 欢迎大家一键三连，把《九零后》的故事分享给更多的朋友，让我们一起变得更强！,https://www.bilibili.com/video/BV1QV411j7EK/,0.3640936774654965,1,http://i0.hdslb.com/bfs/archive/2fa8116bd20dc103ee7686ca865eb783f7e2a84a.jpg
1/4人艾滋，裸选后宫，百姓为奴，活化石国家终于乱了！【斯威士兰】,王骁 南非,斯威士兰,3095302.0,小王Albert,10285.0,126865.0,32063.0,16226.0,2375.0,2120.0,知识分享官 人物 非洲 英国 历史 奇闻 文化 王骁 南非 斯威士兰 ,点赞投币转发给志同道合的朋友，我们一起变得更强！,https://www.bilibili.com/video/BV1X64y1Q7sW/,0.3816637662623038,1,http://i2.hdslb.com/bfs/archive/69d38befda05819e249c6df58a37c46712d4eda5.jpg
天降猛女张桂梅，工人阶级先锋队，如何在和平年代做革命者,中国共产党 成立,建党百年,3095306.0,小王Albert,2803.0,54875.0,48065.0,13953.0,4674.0,884.0,知识分享官 女性 人物 历史 建党百年 张桂梅 中国共产党成立100周年 基层教育 王骁 脱贫攻坚 ,希望大家可以帮我一键三连，让更多的朋友看到张桂梅的故事。,https://www.bilibili.com/video/BV1ph411h7wV/,0.4683241519008193,1,http://i1.hdslb.com/bfs/archive/7b2e5b5b63ee240447a6874e004178ee095b2bb7.jpg
世界各国都有军队，为什么偏偏解放军独一无二？,解放军 独一无二,人民军队,3095294.0,小王Albert,13771.0,112668.0,50873.0,18977.0,3455.0,2606.0,知识分享官 解放军 中国 印度 美军 河南 人民军队 建军节 南昌起义 抗洪 ,祝人民军队，节日快乐！一键三连推荐给更多朋友！,https://www.bilibili.com/video/BV12L411n7aX/,0.6785346090821557,1,http://i2.hdslb.com/bfs/archive/33fac9fab94a222dd702eab9b74723bf22564e7e.jpg
英国首相选举观察｜为什么制度比美国好，却混的越来越美国化？,英国首相 选举,苏纳克,3095088.0,小王Albert,17507.0,126514.0,57416.0,15608.0,6469.0,1649.0,故事档案馆 夏夜故事会 美国 英国 英国首相大战 王骁 大英帝国 鲍里斯 英国首相 特拉斯 苏纳克 ,一键三连推荐给更多朋友！,https://www.bilibili.com/video/BV1Kd4y1V7jF/,0.4121097800277851,1,http://i2.hdslb.com/bfs/archive/ce8cbe2d76d5a2b8bf23a8d056d5c8be01476844.jpg
体面还是生存，捷克绷不住了，欧洲还能撑多久？,生存 捷克,欧洲 天然气,3095083.0,小王Albert,23145.0,213872.0,66710.0,24615.0,8748.0,8028.0,故事档案馆 夏夜故事会 能源 捷克 欧盟 法国 俄罗斯 欧洲 德国 天然气 王骁 ,一键三连推荐给更多朋友！,https://www.bilibili.com/video/BV1gT411M7sK/,0.332856908289579,1,http://i1.hdslb.com/bfs/archive/d6f9b6d64657c91c805dec016370af90322acb03.jpg
为什么“英国国王”不管事儿，却不是谁都能做好？,英国 国王,英国历史,3095078.0,小王Albert,18336.0,163442.0,80477.0,23627.0,5414.0,1202.0,故事档案馆 伊丽莎白 女王 伦敦 英国 查尔斯 英国历史 白金汉宫 查理三世 英国国王 ,一键三连推荐给更多朋友！,https://www.bilibili.com/video/BV1Je4y1k7C2/,0.5023258529396766,1,http://i1.hdslb.com/bfs/archive/51520884b3c7e23843fdd7c24aa06894af2f27a5.jpg
王骁年度分享：我们习惯的世界要走了,贸易战 百年,百年未有之大变局,3095059.0,小王Albert,26561.0,243086.0,189956.0,73451.0,38965.0,3604.0,故事档案馆 英国 欧盟 霸权 2022 能源危机 伊丽莎白二世 俄乌冲突 中美贸易战 百年未有之大变局 ,一键三连推荐给更多朋友！,https://www.bilibili.com/video/BV1U14y1u7pd/,0.6594011876926609,1,http://i2.hdslb.com/bfs/archive/acc594958297c0d21b500695453088727a509b53.jpg
专门成立警察抓女人露头发？为什么伊朗坚持保守？,为什么 伊朗,伊朗,3095057.0,小王Albert,14166.0,131226.0,44556.0,18499.0,4677.0,3973.0,故事档案馆 美国 王骁 波斯 伊朗 ,一键三连推荐给更多朋友！,https://www.bilibili.com/video/BV19D4y1w7yk/,0.4541199167070969,1,http://i2.hdslb.com/bfs/archive/0bf027dd4ddb07fd773e88cbfe8f693d3d24803d.jpg
郑州暴雨千年一遇，居然有妖精围郑救德？,郑州 暴雨,郑州暴雨救援,3095303.0,小王Albert,3197.0,43775.0,19968.0,5085.0,1496.0,1246.0,知识分享官 地理 文化 暴雨 历史 郑州暴雨 郑州 救援 河南 洪水 ,这次我就不求三连了，但是我希望大家做另外一件事。台风【烟花】马上就要登陆，希望所有小伙伴们可以做好抗击台风的准备。只有保证安全，才能一起变得更强！,https://www.bilibili.com/video/BV1Bw41197MP/,0.356630889822763,1,http://i0.hdslb.com/bfs/archive/3d2e44e08420337f1075e40df1257ff01f538290.jpg
制裁第四年，研发经费却又破新高，华为到底在做什么？,制裁 第四年,华为制裁,3095053.0,小王Albert,8294.0,136957.0,44833.0,17936.0,7014.0,4486.0,东莞 华为 深圳 商业 制裁 基础科学 研发 年报 ,3月31日，华为发布年报，科研经费再创新高。从2019年开始被制裁至今，已经过了四年，华为表示已经适应了。如何适应？这个适应除了应对制裁，还带来了什么？这次我们直接去了现场，看看华为如何适应制裁？,https://www.bilibili.com/video/BV1fV4y1S78C/,0.4329023281808866,1,http://i0.hdslb.com/bfs/archive/feadfb6ec67b48ea653befef9dc8fb9ad48b9c80.jpg
【东盟十国10丨越南】越南会超过中国吗？,东盟 07,越南,3095053.0,小王Albert,16728.0,112340.0,42194.0,14457.0,3449.0,5458.0,故事档案馆 中国 法国 三星 越南 胡志明 东南亚 东盟 王骁 越共 ,一键三连推荐给更多朋友！  东盟十国系列回顾： 【东盟十国 01】菲律宾传送门：BV1og411d7rg 【东盟十国 02】印尼传送门：BV1QF411K7Lt 【东盟十国 03】泰国传送门：BV12g41167Gi 【东盟十国 04】马来西亚传送门：BV1xt4y1E7VC 【东盟十国 05】文莱传送门：BV1de4y1q799 【东盟十国 06】东帝汶传送门：BV1VG4y1Z7MW 【东盟十国 07】老挝传送门：BV1a3411o7vU 【东盟十国 08】柬埔寨传送门：BV1rs4y1Z7XH 【东盟十国 09】缅甸传送门：BV1Wb411f7fV 【东盟十国 10】越南传送门：BV12h411g7q9 【东盟十国 11】新加坡传送门：BV1bP41127FG 【东盟十国 12】东南亚华人传送门：BV1TM4y1q7M4 【东盟十国 13】老挝篮球队传送门：BV18W4y1X7fs,https://www.bilibili.com/video/BV12h411g7q9/,0.3646536191623982,1,http://i0.hdslb.com/bfs/archive/7f77297ef6008a34087ec07aa42fb17fd1dcbcde.jpg
【东盟十国11丨新加坡】李家坡？东盟首都？中国时代依旧躺赢？,东盟 李家,新加坡,3095052.0,小王Albert,12302.0,105261.0,43289.0,15429.0,5078.0,4277.0,故事档案馆 新加坡 中国 李显龙 东南亚 王骁 东盟 李家坡 李光耀 ,一键三连推荐给更多朋友！  东盟十国系列回顾： 【东盟十国 01】菲律宾传送门：BV1og411d7rg 【东盟十国 02】印尼传送门：BV1QF411K7Lt 【东盟十国 03】泰国传送门：BV12g41167Gi 【东盟十国 04】马来西亚传送门：BV1xt4y1E7VC 【东盟十国 05】文莱传送门：BV1de4y1q799 【东盟十国 06】东帝汶传送门：BV1VG4y1Z7MW 【东盟十国 07】老挝传送门：BV1a3411o7vU 【东盟十国 08】柬埔寨传送门：BV1rs4y1Z7XH 【东盟十国 09】缅甸传送门：BV1Wb411f7fV 【东盟十国 10】越南传送门：BV12h411g7q9 【东盟十国 11】新加坡传送门：BV1bP41127FG 【东盟十国 12】东南亚华人传送门：BV1TM4y1q7M4 【东盟十国 13】老挝篮球队传送门：BV18W4y1X7fs,https://www.bilibili.com/video/BV1bP41127FG/,0.4291377098499805,1,http://i2.hdslb.com/bfs/archive/53082219a53fb8c400fbec3f8992ccde28f77b24.jpg
【东盟十国丨番外】都讲中文，东南亚华人和我们有何不同？,东盟 东南亚,东南亚华人,3095048.0,小王Albert,11609.0,105505.0,40158.0,14844.0,3170.0,6456.0,故事档案馆 中国 王骁 东盟 东南亚 华人 东南亚华人 ,一键三连推荐给更多朋友！  东盟十国系列回顾： 【东盟十国 01】菲律宾传送门：BV1og411d7rg 【东盟十国 02】印尼传送门：BV1QF411K7Lt 【东盟十国 03】泰国传送门：BV12g41167Gi 【东盟十国 04】马来西亚传送门：BV1xt4y1E7VC 【东盟十国 05】文莱传送门：BV1de4y1q799 【东盟十国 06】东帝汶传送门：BV1VG4y1Z7MW 【东盟十国 07】老挝传送门：BV1a3411o7vU 【东盟十国 08】柬埔寨传送门：BV1rs4y1Z7XH 【东盟十国 09】缅甸传送门：BV1Wb411f7fV 【东盟十国 10】越南传送门：BV12h411g7q9 【东盟十国 11】新加坡传送门：BV1bP41127FG 【东盟十国 12】东南亚华人传送门：BV1TM4y1q7M4 【东盟十国 13】老挝篮球队传送门：BV18W4y1X7fs,https://www.bilibili.com/video/BV1TM4y1q7M4/,0.5578329052849909,1,http://i0.hdslb.com/bfs/archive/d3fe81fbce0f070a94d84ffacc8e30d0f68e7ed6.jpg
政治内斗、部落分裂、经济崩溃，巴基斯坦的失败如何影响中国？【南亚1|巴基斯坦】,影响 中国,巴基斯坦,3095044.0,小王Albert,15303.0,123680.0,59220.0,19315.0,4499.0,5835.0,故事档案馆 瓜达尔 王骁 克什米尔 巴基斯坦 巴铁 中巴 谢里夫 ,一键三连推荐给更多朋友！,https://www.bilibili.com/video/BV1Xo4y1g7qj/,0.58108470502395,1,http://i0.hdslb.com/bfs/archive/ae2718f0a5be53ce6ec50e64fc387976df68d298.jpg
谁是中亚最脆弱的国家？【中亚五国01丨吉尔吉斯斯坦】,中亚 脆弱,中亚五国,3095041.0,小王Albert,15262.0,102829.0,39251.0,12392.0,2163.0,3889.0,故事档案馆 中国 历史 苏联 中吉乌铁路 铁路 中亚 吉尔吉斯斯坦 王骁 蒙古 ,一键三连推荐给更多朋友！  中亚系列回顾： 【中亚五国 01】吉尔吉斯斯坦传送门: BV1Ro4y1A7DJ 【中亚五国 02】乌兹别克斯坦传送门: BV1pz4y1v7qY 【中亚五国 03】塔吉克斯坦传送门: BV1fu4y1U7oG 【中亚五国 04】土库曼斯坦传送门: BV1hj41197wT 【中亚五国 05】哈萨克斯坦传送门: BV1Vh4y1U78f,https://www.bilibili.com/video/BV1Ro4y1A7DJ/,0.3422897252967199,1,http://i0.hdslb.com/bfs/archive/d975b206e50e110154722a889baf3d9481ddaae7.jpg
为什么印度不是朋友，但也不是敌人，甚至是帮手？,为什么 印度,印度外交,3095037.0,小王Albert,18823.0,153845.0,67926.0,21316.0,4221.0,6056.0,故事档案馆 外交 美国 印度 莫迪 苏杰生 印度外交 王骁 印度洋 南亚 ,一键三连推荐给更多朋友！,https://www.bilibili.com/video/BV1wV4y1a76g/,0.5919463044397066,1,http://i0.hdslb.com/bfs/archive/5f9d102e44b31855562ccf31de94884e124b07d5.jpg
【东盟十国04丨马来西亚】多民族被迫和谐共处，反而成就了东南亚优等生？,回顾 东盟,东盟十国,3095087.0,小王Albert,12088.0,105837.0,31142.0,11887.0,3935.0,3971.0,故事档案馆 夏夜故事会 新加坡 英国 马来西亚 东南亚 华人 马哈蒂尔 亚洲四小虎 亚洲金融危机 ,一键三连推荐给更多朋友！  东盟十国系列回顾： 【东盟十国 01】菲律宾传送门：BV1og411d7rg 【东盟十国 02】印尼传送门：BV1QF411K7Lt 【东盟十国 03】泰国传送门：BV12g41167Gi 【东盟十国 04】马来西亚传送门：BV1xt4y1E7VC 【东盟十国 05】文莱传送门：BV1de4y1q799 【东盟十国 06】东帝汶传送门：BV1VG4y1Z7MW 【东盟十国 07】老挝传送门：BV1a3411o7vU 【东盟十国 08】柬埔寨传送门：BV1rs4y1Z7XH 【东盟十国 09】缅甸传送门：BV1Wb411f7fV 【东盟十国 10】越南传送门：BV12h411g7q9 【东盟十国 11】新加坡传送门：BV1bP41127FG 【东盟十国 12】东南亚华人传送门：BV1TM4y1q7M4 【东盟十国 13】老挝篮球队传送门：BV18W4y1X7fs,https://www.bilibili.com/video/BV1xt4y1E7VC/,0.5292306886489259,1,http://i2.hdslb.com/bfs/archive/1d89ed90dffc8fbea9ceb305c16da7dda4349d0c.jpg
从裸辞谷底到百大UP，两年过去，下一步我要做什么？,一步 我要,UP主 王骁,3095000.0,小王Albert,43454.0,235340.0,223047.0,57202.0,22543.0,8639.0,故事档案馆 UP主 创业 留学 王骁Albert 王骁 自媒体 裸辞 小王Albert ,一键三连推荐给更多朋友！,https://www.bilibili.com/video/BV1L94y1x7z5/,0.8845151813746521,1,http://i2.hdslb.com/bfs/archive/380ad9f4d285dca23bb61793fdbc66557940abf5.jpg
以色列如何成为恶龙？【中东09丨以色列】,巴勒斯坦 中东,巴以冲突,3094959.0,小王Albert,51249.0,246074.0,187360.0,61024.0,34909.0,9896.0,故事档案馆 巴勒斯坦 中东 犹太人 哈马斯 以色列 巴以冲突 王骁 巴以 内塔尼亚胡 ,一键三连推荐给更多朋友！  中东系列回顾： 【中东 01】卡塔尔传送门：BV1eG411M78V 【中东 02】沙特传送门：BV1Po4y1N774 【中东 03】阿联酋传送门：BV1sg4y1w76G 【中东 04】科威特传送门：BV19P41167bm 【中东 05】阿曼传送门：BV1w44y1A7xC 【中东 06】巴林传送门：BV1hu4y1q7XU 【中东 07】也门传送门：BV1pk4y1F74a 【中东 08】约旦传送门：BV1PK4y1F7Rr 【中东 09】以色列传送门：BV1f94y1t7CA 【中东 10】巴勒斯坦传送门：BV1pg4y1X7UK 【中东 11】叙利亚传送门：BV19C4y1P7rq 【中东 12】黎巴嫩传送门：BV1fc411z7Wu 【中东 13】真主党传送门：BV1tp4y1f7aD 【中东 14】伊拉克传送门：BV1A64y1H7MV 【中东 15】埃及传送门：BV1c94y1T7d6 【中东 16】穆兄会传送门：BV13g4y1e7Cm,https://www.bilibili.com/video/BV1f94y1t7CA/,0.6548806355778172,1,http://i0.hdslb.com/bfs/archive/3aef63717930c4f0a4d7d2be8e32c4845cd1c1c7.jpg
我们把各国军人拉到一起开了个会，指了条未曾设想的道路,各国 军人,世界体系,3094950.0,小王Albert,12885.0,145878.0,59153.0,26430.0,5552.0,3338.0,故事档案馆 中国 北京香山论坛 区域冲突 全球南方 发展中国家 王骁 国际秩序 世界体系 ,一键三连推荐给更多朋友！,https://www.bilibili.com/video/BV1KH4y1z7c8/,0.575151411572824,1,http://i0.hdslb.com/bfs/archive/ca704f9a5e36fa31e06bf1d7a9a4c6d80eb1014a.jpg
阿拉法特，哈马斯，和半个世纪的不公【中东10丨巴勒斯坦国】,中东 哈马斯,巴勒斯坦,3094949.0,小王Albert,11419.0,98913.0,40991.0,14450.0,3461.0,2754.0,故事档案馆 巴勒斯坦地区 以色列 王骁 中东 哈马斯 巴以冲突 巴勒斯坦 阿拉伯 阿拉法特 ,一键三连推荐给更多朋友！  中东系列回顾： 【中东 01】卡塔尔传送门：BV1eG411M78V 【中东 02】沙特传送门：BV1Po4y1N774 【中东 03】阿联酋传送门：BV1sg4y1w76G 【中东 04】科威特传送门：BV19P41167bm 【中东 05】阿曼传送门：BV1w44y1A7xC 【中东 06】巴林传送门：BV1hu4y1q7XU 【中东 07】也门传送门：BV1pk4y1F74a 【中东 08】约旦传送门：BV1PK4y1F7Rr 【中东 09】以色列传送门：BV1f94y1t7CA 【中东 10】巴勒斯坦传送门：BV1pg4y1X7UK 【中东 11】叙利亚传送门：BV19C4y1P7rq 【中东 12】黎巴嫩传送门：BV1fc411z7Wu 【中东 13】真主党传送门：BV1tp4y1f7aD 【中东 14】伊拉克传送门：BV1A64y1H7MV 【中东 15】埃及传送门：BV1c94y1T7d6 【中东 16】穆兄会传送门：BV13g4y1e7Cm,https://www.bilibili.com/video/BV1pg4y1X7UK/,0.3524459904554957,1,http://i2.hdslb.com/bfs/archive/27cd138eed053687c7948e66a538efcd1b3f0b99.jpg
基辛格走了，但是产生基辛格的时代又要来了,基辛格 时代,基辛格,3094926.0,小王Albert,11826.0,106101.0,61117.0,23227.0,4421.0,1821.0,故事档案馆 历史 外交 和平超人 在率土玩到真三国 率土赤壁之战 王骁 中美关系 基辛格 率土之滨 ,一键三连推荐给更多朋友！,https://www.bilibili.com/video/BV15i4y1v7J3/,0.4414353788861627,1,http://i2.hdslb.com/bfs/archive/e4e372b31db5f9da30932aecf5c932e6a54c6258.jpg
领导被杀，被迫上位，活成了民族史诗【中亚五国03丨塔吉克斯坦】,回顾 中亚,塔吉克斯坦,3095034.0,小王Albert,9467.0,82087.0,30175.0,9950.0,1243.0,1639.0,故事档案馆 中国 内战 拉赫蒙 中亚 王骁 波斯 塔吉克斯坦 粟特 杜尚别 ,一键三连推荐给更多朋友！  中亚系列回顾： 【中亚五国 01】吉尔吉斯斯坦传送门: BV1Ro4y1A7DJ 【中亚五国 02】乌兹别克斯坦传送门: BV1pz4y1v7qY 【中亚五国 03】塔吉克斯坦传送门: BV1fu4y1U7oG 【中亚五国 04】土库曼斯坦传送门: BV1hj41197wT 【中亚五国 05】哈萨克斯坦传送门: BV1Vh4y1U78f,https://www.bilibili.com/video/BV1fu4y1U7oG/,0.2597871818171806,0,http://i0.hdslb.com/bfs/archive/da97dd76d7cb32ab2041ca32433f36f51c43d6e7.jpg
埃及人上辈子捡了什么宝，能碰上敢这么盘国家的鬼才？,奇闻 埃及,埃及 历史,3095339.0,小王Albert,8410.0,74815.0,35445.0,8948.0,953.0,1387.0,知识分享官 历史 奇闻 埃及 王骁 骁话一下 ,新号看到的人比较少，如果觉得还不错，三连让更多志趣相投的朋友看到吧！,https://www.bilibili.com/video/BV1sp4y1t7Hz/,0.2281902036189349,0,http://i0.hdslb.com/bfs/archive/83d817df0b6449dbbc6dddfd4a6b45725efc4528.jpg
暴论王者·富勒丨我一个英国军事家，咋就帮德国人乳法啦？,军事家 德国人,富勒 二战,3095092.0,小王Albert,9031.0,72370.0,12627.0,6508.0,1129.0,1096.0,故事档案馆 夏夜故事会 英国 坦克世界 二战 苏联 历史 德国 闪击战 富勒 乳法 ,一键三连推荐给更多朋友！,https://www.bilibili.com/video/BV1vd4y1d7Bg/,0.1996046333343169,0,http://i1.hdslb.com/bfs/archive/169a29636a0e591c9414603916f71d9d04e7c0cf.jpg
水源危机、毒品走廊、恐怖主义，中亚中心的挑战【中亚五国02丨乌兹别克斯坦】,铁路 吉尔吉斯斯坦,乌兹别克斯坦,3095041.0,小王Albert,9742.0,110655.0,43142.0,12954.0,2243.0,2991.0,故事档案馆 历史 卡里莫夫 中吉乌铁路 吉尔吉斯斯坦 乌兹别克斯坦 铁路 王骁 中亚 咸海 ,一键三连推荐给更多朋友！  中亚系列回顾： 【中亚五国 01】吉尔吉斯斯坦传送门: BV1Ro4y1A7DJ 【中亚五国 02】乌兹别克斯坦传送门: BV1pz4y1v7qY 【中亚五国 03】塔吉克斯坦传送门: BV1fu4y1U7oG 【中亚五国 04】土库曼斯坦传送门: BV1hj41197wT 【中亚五国 05】哈萨克斯坦传送门: BV1Vh4y1U78f,https://www.bilibili.com/video/BV1pz4y1v7qY/,0.2448949244802193,0,http://i0.hdslb.com/bfs/archive/175cd0981672853598d35a0ee0959613b329d755.jpg
都说中国发展的秘密藏在招商，南京是怎么做的？,中国 南京,南京 招商,3095052.0,小王Albert,1218.0,27593.0,3985.0,4159.0,1960.0,1760.0,中国 南京 秦淮河 夫子庙 钟山 投资 ,一键三连推荐给更多朋友！,https://www.bilibili.com/video/BV1ks4y1M7gu/,0.2815025921788178,0,http://i0.hdslb.com/bfs/archive/753eaf7fa037668f0c7ca79d5983c187c002b710.jpg
30年乍得总统战死沙场？《非 洲 保 安》如何把产油国玩成世界倒数？,石油 乍得,乍得,3095330.0,小王Albert,5270.0,60280.0,55531.0,8913.0,594.0,829.0,人文 知识分享官 历史 丰田 法国 非洲 奇闻 王骁 石油 乍得 ,欢迎有收获的朋友们，有币的捧个币场，没币的点点赞，帮我也变得更强！,https://www.bilibili.com/video/BV1i64y1m7X6/,0.2958316764387944,0,http://i1.hdslb.com/bfs/archive/08011c8f6d1da95aa3a6892f327cf3d0a0b98120.jpg
化石国家莱索托：宫廷政变，朝堂政斗，1000+酋长各个是霸总,南非 莱索托,莱索托,3095275.0,小王Albert,2029.0,27351.0,6563.0,2522.0,249.0,518.0,非洲 地理 酋长 历史 人物 王骁 应该 南非 莱索托 骁话一下 ,做视频不易，请求多多一键三连啦~~另外，附上这三兄弟另外两个的传送门： 南非：BV1vR4y1n7Ug 斯威士兰：BV1X64y1Q7sW,https://www.bilibili.com/video/BV19v411M7mz/,0.191698523964742,0,http://i2.hdslb.com/bfs/archive/9f7bd6eff5e6b4183e3bca4a07bbb53edbb2a846.jpg
2005年，美国NGO推翻了这个中国邻国的民选政府,西亚 伊朗,NGO,3095305.0,小王Albert,3473.0,41537.0,15620.0,5297.0,1184.0,935.0,王骁 NGO 骁话一下 知识分享官 美国 历史 阿卡耶夫 吉尔吉斯斯坦 中亚 郁金香 ,突然加更，惊不惊喜，意不意外？下周六看世界·西亚·伊朗系列照常更新，点赞投币转发给志同道合的朋友，我们一起变得更强！,https://www.bilibili.com/video/BV1sB4y1M7tk/,0.2174244460239107,0,http://i1.hdslb.com/bfs/archive/738a632245e918d275f9b2ecfef3dcf19108917e.jpg
为什么中国土特产，变成了西方国家的赚钱机器？,为什么 中国,中国特产,3095070.0,小王Albert,11259.0,104865.0,37748.0,16924.0,12244.0,2596.0,故事档案馆 农业 猕猴桃 阿里巴巴 奇异果 陕西 水果 丰收节 数字农业 乡村振兴 ,一键三连推荐给更多朋友！,https://www.bilibili.com/video/BV1it4y1w79W/,0.250997164125512,0,http://i0.hdslb.com/bfs/archive/72325cd4c545acd23134e12bd77448114906130f.jpg
巴以冲突升级，本次起因与国际形势分析,以色列 中东,巴以冲突,3094971.0,小王Albert,24011.0,262502.0,117441.0,42782.0,23859.0,12656.0,故事档案馆 以色列 中东 哈马斯 王骁 巴勒斯坦 犹太人 巴以冲突 巴以 内塔尼亚胡 ,一键三连推荐给更多朋友！,https://www.bilibili.com/video/BV1uH4y1R7Ec/,0.6691538409966165,1,http://i2.hdslb.com/bfs/archive/3fb1a4a575d13230ce0ad996ad0caaf295f332f9.jpg
和美国媒体人唠嗑：大学实在是上不起了【王骁 x Rachel】,故事会 大学,美国大学,3095093.0,小王Albert,4727.0,44901.0,6526.0,4220.0,2180.0,3049.0,故事档案馆 夏夜故事会 大学 留学 学习 美国 教育 堕胎 美国留学 王骁 学费 ,前段时间认识了一个美国左翼媒体人，她非常希望了解中国，我们就唠唠嗑。那天主要聊了关于美国当时比较热门的新闻，比如堕胎，持枪和教育，其中教育聊的比较多，主要是集中在价格问题上。现在刚刚尝试，未来还会尝试更多和国际媒体人的交流，欢迎大家的关注~,https://www.bilibili.com/video/BV1VN4y1c7Fq/,0.3311078579372489,1,http://i0.hdslb.com/bfs/archive/acef0c7c525cbbc5997a7fba48256d2d27996912.jpg
伊朗沙特为何复交？为什么在中国？美国怕了吗？,伊朗 沙特,沙特伊朗复交,3095055.0,小王Albert,22393.0,249623.0,127482.0,44650.0,14125.0,4522.0,故事档案馆 美国 中国 德黑兰 也门 伊朗 王骁 沙特 以色列 中东 ,一键三连推荐给更多朋友！,https://www.bilibili.com/video/BV1ZX4y1Z7o3/,0.6146209573785371,1,http://i2.hdslb.com/bfs/archive/0ba410015fc1b81ba8ce32f5865ab5e430c342db.jpg
美国神偷：混子想卖地皮，竟混成外国首相，美国如何偷走萨摩亚？,美国 神偷,萨摩亚,3095207.0,小王Albert,2710.0,81281.0,26177.0,7756.0,991.0,1139.0,故事档案馆 地理 美国 历史 人物 美国内战 夏威夷 美属萨摩亚 萨摩亚 打卡挑战 ,美国，一个从英国出来的昂撒民族，从北美洲的几个殖民据点，一步步发展成领土面积世界第四，人口世界第三的超级大国，它的土地没有一寸是靠继承祖先。我想通过一个个节目，告诉大家，美国是怎么样变得这么大的。这个系列的名字，我们就叫《美国神偷》，欢迎来到新系列第一集，美属萨摩亚。,https://www.bilibili.com/video/BV17u411X7Js/,0.2559085331920211,0,http://i2.hdslb.com/bfs/archive/01adcdb3969f79e69742a212fe2e413be9cb2baa.jpg
帝国主义左右夹击，乌克兰的悲惨真的是自己作的吗？,夹击 乌克兰,乌克兰,3095291.0,小王Albert,7145.0,58576.0,27347.0,10800.0,2440.0,3375.0,知识分享官 俄罗斯 欧洲子宫 基辅 东欧 王骁 北约 乌克兰 ,不是作才惨，是惨才“作”。今天从一个新角度陪大家去看乌克兰。欢迎一键三连，一起变得更强！,https://www.bilibili.com/video/BV1nL4y1e7wo/,0.3810888797894961,1,http://i0.hdslb.com/bfs/archive/408e2b95d177cc828aead6fdabe9a4b74c406943.jpg
拿一手烂牌打成非洲经济第一，天降非酋如何带飞博茨瓦纳,打成 非洲,塞雷茨,3095223.0,小王Albert,25237.0,183716.0,87783.0,26270.0,6576.0,4657.0,人文 故事档案馆 历史 酋长 非洲 塞雷茨 博茨瓦纳 王骁 南非 打卡挑战 ,20220121，回来看的第二个国家，博茨瓦纳。 今天要让你开一局游戏，你成为了一个非洲南部国家的领导人，国家不临海，全国地形都是干燥的台地，70%的国土是沙漠，社会基层是部落，被英国殖民过，连个首都城市都没有。这个开局还有人愿意玩儿吗？但是真就有个猛男，把这个开局玩成了非洲经济最好。,https://www.bilibili.com/video/BV1aP4y177qM/,0.5683190242362292,1,http://i1.hdslb.com/bfs/archive/37910df94bf23692feadf7565633f7daff8d11e2.jpg
乌克兰局势趋于恶化，俄美德乌动机是什么？,来说 冷战,乌克兰,3095184.0,小王Albert,32275.0,527664.0,324112.0,120406.0,108334.0,9475.0,故事档案馆 历史 德国 俄罗斯 乌冬 拜登 卢甘斯克 乌克兰 顿巴斯 打卡挑战 ,我们生活在一个后冷战时代的世界， 对于我们来说，冷战已经结束了，但是对于一些人来说，冷战还没有结束。从我们的角度来说，通过军事手段改变战后边界不可取，但是帝国主义利用小国对假想敌极限施压也不可取。这不是一个大团结的世界，没有任何国家会对自己的国际现状满意，而政治的智慧就在于如何在不满意中创造和平，走向光明的明天。咱们就聊聊乌克兰危机升级中，五个当事方的诉求和动机到底是什么。,https://www.bilibili.com/video/BV1244y1n7Mz/,1.0,1,http://i0.hdslb.com/bfs/archive/2cc03afe616601f0d7a57a5e424db074620fa9e9.jpg
韩国总统大选，文在寅为何带不动自己人？,韩国 大选,韩国大选,3095173.0,小王Albert,33379.0,266780.0,166695.0,38562.0,19169.0,3792.0,韩国 历史 韩国大选 尹锡悦 王骁 李在明 文在寅 打卡挑战 ,和室友一起通宵为大家献上大选视频，制作不易，欢迎三连。,https://www.bilibili.com/video/BV1XL411N7H8/,0.416931643753223,1,http://i2.hdslb.com/bfs/archive/bde2ccf1004a8f01ee2d11fc4f7403fe4cb433a2.jpg
【东盟十国03丨泰国】灯红酒绿的泰国，为什么是世界最不平等的国家之一？,泰国 为什么,亚洲金融危机,3095089.0,小王Albert,16942.0,200525.0,87417.0,30280.0,8172.0,4500.0,泰国 红灯区 美军 东南亚 国王 东盟 曼谷 中等收入陷阱 亚洲金融危机 历史人文档案馆 历史人文档案馆2022第二季 ,国界是英法定的，发展是美日给的，古代国家如何搞现代化？  东盟十国系列回顾： 【东盟十国 01】菲律宾传送门：BV1og411d7rg 【东盟十国 02】印尼传送门：BV1QF411K7Lt 【东盟十国 03】泰国传送门：BV12g41167Gi 【东盟十国 04】马来西亚传送门：BV1xt4y1E7VC 【东盟十国 05】文莱传送门：BV1de4y1q799 【东盟十国 06】东帝汶传送门：BV1VG4y1Z7MW 【东盟十国 07】老挝传送门：BV1a3411o7vU 【东盟十国 08】柬埔寨传送门：BV1rs4y1Z7XH 【东盟十国 09】缅甸传送门：BV1Wb411f7fV 【东盟十国 10】越南传送门：BV12h411g7q9 【东盟十国 11】新加坡传送门：BV1bP41127FG 【东盟十国 12】东南亚华人传送门：BV1TM4y1q7M4 【东盟十国 13】老挝篮球队传送门：BV18W4y1X7fs,https://www.bilibili.com/video/BV12g41167Gi/,0.5121408238884024,1,http://i0.hdslb.com/bfs/archive/73f3e2a2ffd95d78e2304abb13c099e506b65c35.jpg
“人类高质量国家”印度，啥都要和中国争高低，怎么一到奥运就这么拉了？,印度 中国,印度 奥运会,3095291.0,小王Albert,11011.0,88415.0,32418.0,7789.0,1194.0,2149.0,体育 人文 知识分享官 文化 运动 印度 历史 奥运会 国际 ,一键三连，打卡变强！,https://www.bilibili.com/video/BV1HM4y157cS/,0.3429537422434212,1,http://i2.hdslb.com/bfs/archive/246459c842857d1cb92489066df26674417e638c.jpg
俄罗斯公布美国在乌克兰的生物实验资料，我们一起读一读,乌克兰 实验室,乌克兰 生物实验,3095168.0,小王Albert,6249.0,94481.0,39789.0,10880.0,8205.0,2840.0,星海计划 俄罗斯 美国 历史 新冠 王骁 病毒 乌克兰 生物实验室 打卡挑战 ,当地时间3月10日，俄罗斯在互联网上公布了6个乌克兰实验室的相关文件夹，供全世界下载。6个文件夹涉及13份材料，包括但不限于项目申报书、学术汇报PPT、实验记录、发货单、工资表、销毁清单、信件。,https://www.bilibili.com/video/BV1nU4y1d7Vb/,0.4167378241477202,1,http://i2.hdslb.com/bfs/archive/0b9bbf99e2ffb100be126f4c33294e133adcd3cf.jpg
俄乌危机，欧洲各国人民上街抗议，到底哪个群体坐享其成？,危机 欧洲各国,俄乌危机,3095153.0,小王Albert,20604.0,222266.0,88045.0,26996.0,9526.0,7917.0,俄罗斯 欧盟 美国 地理 历史 经济 王骁 乌克兰 打卡挑战 历史人文档案馆 ,每周见一次，有收获就来个三连吧！这把欧洲跟风制裁了一圈，结果能源和粮食价格齐齐上涨，自己的老百姓扛不住了，爆发了大规模抗议。今天咱们就聊四个部分：1、俄罗斯对于欧洲有多重要？2、欧盟领袖德国在考虑什么？3、国际市场中大家都受到什么冲击？4、谁赢麻了？,https://www.bilibili.com/video/BV1oi4y1D72t/,0.5015489970457122,1,http://i0.hdslb.com/bfs/archive/5b037ade291bc1d63e3f78be7bcbc087616f88ef.jpg
制裁第三年，华为过得如何，下一步怎样破局？,第三年 华为,华为 制裁,3095136.0,小王Albert,13173.0,168471.0,61507.0,21148.0,7516.0,8895.0,美国 日本 华为 历史 年报 回形针计划 历史人文档案馆 ,今天华为发布年报，高压下第3年，却也成了利润最高的一年，值得注意的是，企业研发费冲上全球第二。当年，美国崛起的过程就是抢夺欧洲人才的过程，日本崛起时缺少国际吸引力，自创了一套稳定军心的人才政策，中国发展到今天这一步，再往前走，就是要挑战西方科技霸权的核心领域，现在就是要开诚布公的培养人才，争夺人才。,https://www.bilibili.com/video/BV1rr4y1W75P/,0.4880743545742674,1,http://i2.hdslb.com/bfs/archive/a784da6805fc6c7e577c135de8250e0d24e5f99f.jpg
9·11事件二十周年，天下巨变！,历史 布什,911事件,3095282.0,小王Albert,8967.0,36500.0,18297.0,5419.0,1267.0,1111.0,知识分享官 历史 奥巴马 美国 人文历史 布什 阿富汗 伊拉克 ,长按点赞，推荐给更多朋友！,https://www.bilibili.com/video/BV15P4y1Y79Y/,0.3129282145925696,1,http://i1.hdslb.com/bfs/archive/5551781d686365e866d87939e287f7cbb279185d.jpg
法国又要选总统了，最大的挑战是什么？为什么选谁都没用？,法国 总统,勒庞,3095126.0,小王Albert,17346.0,139149.0,57862.0,16631.0,4422.0,4935.0,知识 社会 历史 法国 法兰西 勒庞 法国大选 马克龙 法国福利 历史人文档案馆 ,一键三连，推荐给更多的朋友！一起变得更强！,https://www.bilibili.com/video/BV1V34y1v76s/,0.4795206078784819,1,http://i1.hdslb.com/bfs/archive/c31ae4401d69def9cfec8480f35e996ff29b010e.jpg
部落、NGO、地缘、宫斗，你敢想它敢有【哈萨克斯坦之乱】,哈萨克斯坦 之乱,哈萨克斯坦,3095229.0,小王Albert,23216.0,248583.0,141961.0,35640.0,6922.0,5153.0,知识分享官 俄罗斯 苏联 历史 纳扎尔巴耶夫 哈萨克斯坦 热点 王骁 骁话一下 ,哈萨克斯坦带来了2022年第一乱，目前乱局看似已经被压下去了，但其实一切都回不去了。他们引进了一尊他们曾经害怕，而且赶不走的大佛。昨天我讲到疫情之后的世界，虽然举了很多积极的例子，但其实我真正的意思是他会带来改变不够，改变并不都是好的，尤其是对于不太能掌控自己命运的人或者国家来说。,https://www.bilibili.com/video/BV1HS4y1Z7S8/,0.4365771276470194,1,http://i1.hdslb.com/bfs/archive/0064bdfa96e9c45fd4c510ce111f1d35e1e505eb.jpg
为什么西方只要挑一下，俄罗斯的邻国就会紧张,历史 俄罗斯,俄罗斯 国际关系,3095122.0,小王Albert,21174.0,135351.0,47103.0,20219.0,5003.0,8326.0,拿破仑 历史 俄罗斯 沙皇 彼得大帝 克里米亚 国际关系 沙俄 乌克兰 历史人文档案馆 ,一键三连推荐给更多朋友！,https://www.bilibili.com/video/BV1g5411d7Cw/,0.5768140629886339,1,http://i2.hdslb.com/bfs/archive/bf1fc87587db255632b71b9301f2947691671840.jpg
被二流人才管理的幸运国家，为什么说澳大利亚是“大号印度”,为什么 澳大利亚,莫里森,3095120.0,小王Albert,12031.0,104308.0,45235.0,12197.0,2523.0,3533.0,读书 历史 澳大利亚 安东尼·阿尔巴内塞 澳洲 大选 莫里森 历史人文档案馆 ,一键三连推荐给更多朋友！,https://www.bilibili.com/video/BV1GF41157zj/,0.3960885527902389,1,http://i0.hdslb.com/bfs/archive/d55845cad2511d55c9ee4712411125a4d1b3b0d4.jpg
默克尔落幕！东德少女如何拖垮欧洲，打造第四帝国,落幕 东德,默克尔 欧债危机,3095270.0,小王Albert,8918.0,85331.0,35550.0,20152.0,2352.0,2316.0,知识分享官 人物 德国 历史 读书 西德 默克尔 难民危机 欧债危机 ,一键三连推荐给更多朋友！,https://www.bilibili.com/video/BV1z34y1o7d6/,0.4758086568776019,1,http://i0.hdslb.com/bfs/archive/3abd4b54f439f8a7b3348e15bd9da42a654540e1.jpg
550万人口缓冲带，怎样在东西方间极限微操，盘成小国天花板？,人口 缓冲带,芬兰,3095117.0,小王Albert,12148.0,96886.0,25083.0,11491.0,1957.0,3165.0,地理 北欧 芬兰 历史 苏联 冬季战争 北约 赫尔辛基 历史人文档案馆 历史人文档案馆2022第二季 ,一键三连，推荐给更多的朋友！ 让我们一起变得更强！,https://www.bilibili.com/video/BV1VL4y1K7gV/,0.3334679466387026,1,http://i1.hdslb.com/bfs/archive/dee724dba3aaeebbbb20c395926cea93b934bd8e.jpg
【美帝霸权三头犬 01】日本，东亚搅屎棍,日本 东亚,美帝三头犬,3095111.0,小王Albert,19198.0,165361.0,81406.0,25913.0,11708.0,2795.0,历史 东京 美国 日本 天皇 自卫队 东北亚 东亚 美日安保条约 历史人文档案馆 历史人文档案馆2022第二季 ,一键三连，推荐给更多的朋友！,https://www.bilibili.com/video/BV1EB4y1S7TT/,0.4955870598164826,1,http://i1.hdslb.com/bfs/archive/9396f5c7e6d9c313ad62ec9ca105c44932d725b1.jpg
为什么老外会认为三国是日本的？文化解释权之争,三国 日本,文化输出,3095099.0,小王Albert,13332.0,91214.0,27118.0,11842.0,3800.0,8875.0,游戏 三国 中国 日本 历史 永劫无间 24工作室 卧龙 文化输出 历史人文档案馆 历史人文档案馆2022第二季 ,一键三连，推荐给更多的朋友~,https://www.bilibili.com/video/BV1wv4y1u7bH/,0.4538328966089449,1,http://i0.hdslb.com/bfs/archive/83dbb35ec800ba73f769331ff9c982ffa25cb7ce.jpg
1957年，这只小狗被发射上天，至今还在宇宙中漂泊,航天 历史,载人航天 历史,3095277.0,小王Albert,5007.0,29098.0,4695.0,2763.0,647.0,1680.0,知识分享官 太空 苏联 载人航天 历史 神州十二 天宫 天文馆 上海天文馆 ,hi，我来自这个暗淡蓝点。,https://www.bilibili.com/video/BV1wP4y1h7kQ/,0.3801899317470811,1,http://i2.hdslb.com/bfs/archive/502fbe049429594bc046cb1e774b475d0e0b22fe.jpg
堕胎 & 枪，美国的路线斗争,堕胎 美国,堕胎 枪支,3095094.0,小王Albert,21356.0,202205.0,121356.0,35301.0,15312.0,5623.0,历史 美国 王骁 罗伊 最高法院 拜登 堕胎 特朗普 芝加哥 历史人文档案馆 历史人文档案馆2022第二季 ,没拔出的枪和没生出的娃，美国社会无解的两大话题。,https://www.bilibili.com/video/BV16g411X7yF/,0.7206055829891734,1,http://i1.hdslb.com/bfs/archive/cce630adb2247181458f7862fbe27809a55cfb56.jpg
【美帝霸权三头犬 03 澳大利亚】什么契机，白捡一个好大儿？,03 澳大利亚,美帝三头犬,3095096.0,小王Albert,11743.0,142061.0,72132.0,18056.0,3445.0,2424.0,日本 美国 澳大利亚 历史 二战 地理 王骁 印尼 马六甲 历史人文档案馆 历史人文档案馆2022第二季 ,一键三连，让更多的朋友看到，祝我们一起变得更强！,https://www.bilibili.com/video/BV16G411x7Kq/,0.3286760680172198,1,http://i1.hdslb.com/bfs/archive/9302e6a91ffb9c5a85503a56b60fe61e909d5cda.jpg
【美帝三头犬 04 牵绳人】为什么美国是最差的帝国主义,最差 帝国主义,美帝三头犬,3095091.0,小王Albert,25921.0,165485.0,91914.0,28325.0,9676.0,3393.0,历史 美国 日本 二战 美军 王骁 杜鲁门 罗斯福 五大国 历史人文档案馆 历史人文档案馆2022第二季 ,一键三连，推荐给更多朋友！一起变得更强！ 【美帝三头犬 01】日本篇传送门：BV1EB4y1S7TT 【美帝三头犬 02】英国篇传送门：BV1XB4y1S7Xg 【美帝三头犬 03】澳大利亚篇传送门：BV16G411x7Kq,https://www.bilibili.com/video/BV16Z4y1Y7mF/,0.4834653096192018,1,http://i2.hdslb.com/bfs/archive/f86ed469f30bc48a9165dc68c265dbf65bd842ea.jpg
南亚标杆斯里兰卡，怎么被民科搞得吃不上饭？,粮食 危机,斯里兰卡 粮食危机,3095090.0,小王Albert,19475.0,183348.0,61763.0,22537.0,8885.0,3492.0,印度 美国 历史 俄乌 美联储 破产 斯里兰卡 债务 粮食危机 历史人文档案馆 历史人文档案馆2022第二季 ,一键三连推荐给更多朋友！,https://www.bilibili.com/video/BV1YY4y177nv/,0.3870733938959216,1,http://i1.hdslb.com/bfs/archive/d5c8add50e36de0d5e38344506fb75e0c78d37f9.jpg
印度百年外交战略演化：如何以“中国”之名，扩大南亚霸权？,印度 百年,尼赫鲁,3095089.0,小王Albert,19171.0,137688.0,57417.0,16005.0,3363.0,2979.0,英国 印度 美国 莫迪 王骁 南亚 一带一路 印度洋 尼赫鲁 历史人文档案馆 历史人文档案馆2022第二季 ,一键三连推荐给更多朋友！,https://www.bilibili.com/video/BV1Yg411y7iq/,0.4038912724982581,1,http://i0.hdslb.com/bfs/archive/b1c93a708646670200446ad50b6947336a74e056.jpg
刚和总统握完手就被反对党罚到破产，美国梦如何成为美国人的噩梦,美国 噩梦,美国梦,3095121.0,小王Albert,10436.0,101933.0,23591.0,11982.0,2803.0,3073.0,历史 美国 人物 学习 下沉年代 多多读书月 美国梦 好书 2022读书日 ,一键三连推荐给更多朋友！,https://www.bilibili.com/video/BV11B4y1y7wR/,0.3956558135802325,1,http://i1.hdslb.com/bfs/archive/c964d042520a44863f4d82ded3c7603ebbfec7ed.jpg
